scenario,nodes,edges,detected_findings,structurally_traceable_findings,support_passages,passages_with_document_identifier,same_evidence_as_flat_records,candidate_previews_truncated,build_ms,trace_query_median_ms
R01,16,25,1,1,2,1,True,False,0.9103000002141926,0.08870000010574586
R02,14,22,1,1,1,1,True,False,0.4352999999355234,0.051500000154192094
R03,14,22,1,1,1,1,True,False,0.4073999998581712,0.0473000000056345
R04,14,22,1,1,1,1,True,False,0.3986000001532375,0.04669999998441199
R05,14,18,1,1,1,0,True,False,0.361700000212295,0.038099999983387534
R06,7,7,0,0,0,0,True,False,0.23330000021815067,
R07,7,7,0,0,0,0,True,False,0.28420000035112025,
R08,16,22,0,0,0,0,True,False,0.3928999999516236,
R09,8,10,0,0,0,0,True,False,0.23120000014387188,
R10,1,0,0,0,0,0,True,False,0.12579999975059764,
R11,14,22,1,1,1,0,True,False,0.3811000001405773,0.04929999977321131
review_before,16,22,0,0,0,0,True,False,0.3895999998348998,
review_after,17,29,1,1,2,1,True,False,0.52380000033736,0.06739999980709399
review_excluded,11,16,0,0,0,0,True,False,0.5166999999346444,
