method,budget,input_kind,precision,recall,high_recall,f1,identity_accuracy,reviews_mean,latency_median_ms,latency_p95_ms,unresolved_mean
corrected_baseline,0.0,clean,1.0,1.0,1.0,1.0,1.0,0.0,0.27970000155619346,0.4361449999123579,0.0
corrected_baseline,0.0,mixed_corruption,,0.0,0.0,0.0,0.234375,0.0,59.02235000394285,92.39654999837512,3.0625
corrected_baseline,0.0,single_character_error,1.0,0.18571428571428572,0.14285714285714285,0.3132530120481928,0.5,0.0,66.25999999960186,121.91419500377378,2.0
corrected_baseline,0.25,clean,1.0,1.0,1.0,1.0,1.0,0.0,0.27970000155619346,0.4361449999123579,0.0
corrected_baseline,0.25,mixed_corruption,,0.0,0.0,0.0,0.234375,0.0,59.02235000394285,92.39654999837512,3.0625
corrected_baseline,0.25,single_character_error,1.0,0.18571428571428572,0.14285714285714285,0.3132530120481928,0.5,0.0,66.25999999960186,121.91419500377378,2.0
corrected_baseline,0.5,clean,1.0,1.0,1.0,1.0,1.0,0.0,0.27970000155619346,0.4361449999123579,0.0
corrected_baseline,0.5,mixed_corruption,,0.0,0.0,0.0,0.234375,0.0,59.02235000394285,92.39654999837512,3.0625
corrected_baseline,0.5,single_character_error,1.0,0.18571428571428572,0.14285714285714285,0.3132530120481928,0.5,0.0,66.25999999960186,121.91419500377378,2.0
corrected_baseline,0.75,clean,1.0,1.0,1.0,1.0,1.0,0.0,0.27970000155619346,0.4361449999123579,0.0
corrected_baseline,0.75,mixed_corruption,,0.0,0.0,0.0,0.234375,0.0,59.02235000394285,92.39654999837512,3.0625
corrected_baseline,0.75,single_character_error,1.0,0.18571428571428572,0.14285714285714285,0.3132530120481928,0.5,0.0,66.25999999960186,121.91419500377378,2.0
corrected_baseline,1.0,clean,1.0,1.0,1.0,1.0,1.0,0.0,0.27970000155619346,0.4361449999123579,0.0
corrected_baseline,1.0,mixed_corruption,,0.0,0.0,0.0,0.234375,0.0,59.02235000394285,92.39654999837512,3.0625
corrected_baseline,1.0,single_character_error,1.0,0.18571428571428572,0.14285714285714285,0.3132530120481928,0.5,0.0,66.25999999960186,121.91419500377378,2.0
gold_upper_bound,0.0,clean,1.0,1.0,1.0,1.0,1.0,4.0,0.7825499997125007,1.1924249989533564,0.0
gold_upper_bound,0.0,mixed_corruption,1.0,1.0,1.0,1.0,1.0,4.0,59.39580000267597,94.11015000077896,0.0
gold_upper_bound,0.0,single_character_error,1.0,1.0,1.0,1.0,1.0,4.0,66.50555000669556,122.25680499941518,0.0
gold_upper_bound,0.25,clean,1.0,1.0,1.0,1.0,1.0,4.0,0.7825499997125007,1.1924249989533564,0.0
gold_upper_bound,0.25,mixed_corruption,1.0,1.0,1.0,1.0,1.0,4.0,59.39580000267597,94.11015000077896,0.0
gold_upper_bound,0.25,single_character_error,1.0,1.0,1.0,1.0,1.0,4.0,66.50555000669556,122.25680499941518,0.0
gold_upper_bound,0.5,clean,1.0,1.0,1.0,1.0,1.0,4.0,0.7825499997125007,1.1924249989533564,0.0
gold_upper_bound,0.5,mixed_corruption,1.0,1.0,1.0,1.0,1.0,4.0,59.39580000267597,94.11015000077896,0.0
gold_upper_bound,0.5,single_character_error,1.0,1.0,1.0,1.0,1.0,4.0,66.50555000669556,122.25680499941518,0.0
gold_upper_bound,0.75,clean,1.0,1.0,1.0,1.0,1.0,4.0,0.7825499997125007,1.1924249989533564,0.0
gold_upper_bound,0.75,mixed_corruption,1.0,1.0,1.0,1.0,1.0,4.0,59.39580000267597,94.11015000077896,0.0
gold_upper_bound,0.75,single_character_error,1.0,1.0,1.0,1.0,1.0,4.0,66.50555000669556,122.25680499941518,0.0
gold_upper_bound,1.0,clean,1.0,1.0,1.0,1.0,1.0,4.0,0.7825499997125007,1.1924249989533564,0.0
gold_upper_bound,1.0,mixed_corruption,1.0,1.0,1.0,1.0,1.0,4.0,59.39580000267597,94.11015000077896,0.0
gold_upper_bound,1.0,single_character_error,1.0,1.0,1.0,1.0,1.0,4.0,66.50555000669556,122.25680499941518,0.0
impact,0.0,clean,1.0,1.0,1.0,1.0,1.0,0.0,0.20694999693660066,0.27529999933904037,0.0
impact,0.0,mixed_corruption,,0.0,0.0,0.0,0.234375,0.0,58.71590000242577,91.92538999486715,3.0625
impact,0.0,single_character_error,1.0,0.18571428571428572,0.14285714285714285,0.3132530120481928,0.5,0.0,65.99140000253101,121.70101500014425,2.0
impact,0.25,clean,1.0,1.0,1.0,1.0,1.0,1.0,0.35224999737692997,0.47896499891066924,0.0
impact,0.25,mixed_corruption,1.0,0.2714285714285714,0.2857142857142857,0.42696629213483145,0.484375,1.0,58.96540000321693,92.4668549989292,2.0625
impact,0.25,single_character_error,1.0,0.6571428571428571,0.7142857142857143,0.7931034482758621,0.75,1.0,66.21035000353004,121.8710800021654,1.0
impact,0.5,clean,1.0,1.0,1.0,1.0,1.0,2.0,0.4835500003537163,0.65669999930833,0.0
impact,0.5,mixed_corruption,1.0,0.6142857142857143,0.7619047619047619,0.7610619469026548,0.734375,2.0,60.66390000341926,94.21808999759378,1.0625
impact,0.5,single_character_error,1.0,1.0,1.0,1.0,1.0,2.0,66.3548999982595,121.99078500270844,0.0
impact,0.75,clean,1.0,1.0,1.0,1.0,1.0,3.0,0.6000499961373862,0.8614900027168915,0.0
impact,0.75,mixed_corruption,1.0,0.9428571428571428,1.0,0.9705882352941176,0.96875,3.0,60.841500002425164,94.42369499483902,0.125
impact,0.75,single_character_error,1.0,1.0,1.0,1.0,1.0,3.0,66.48335000136285,122.09677500213729,0.0
impact,1.0,clean,1.0,1.0,1.0,1.0,1.0,4.0,0.7455000013578683,1.031180000063614,0.0
impact,1.0,mixed_corruption,1.0,1.0,1.0,1.0,1.0,4.0,60.97320000117179,94.54711999533174,0.0
impact,1.0,single_character_error,1.0,1.0,1.0,1.0,1.0,4.0,66.59824999951525,122.19093999920005,0.0
impact_without_severity,0.0,clean,1.0,1.0,1.0,1.0,1.0,0.0,0.21034999736002646,0.3449650019319961,0.0
impact_without_severity,0.0,mixed_corruption,,0.0,0.0,0.0,0.234375,0.0,58.71510000361013,91.95145499725186,3.0625
impact_without_severity,0.0,single_character_error,1.0,0.18571428571428572,0.14285714285714285,0.3132530120481928,0.5,0.0,65.94614999994519,121.77381000110472,2.0
impact_without_severity,0.25,clean,1.0,1.0,1.0,1.0,1.0,1.0,0.37509999674512073,0.6020849974447628,0.0
impact_without_severity,0.25,mixed_corruption,1.0,0.2714285714285714,0.23809523809523808,0.42696629213483145,0.484375,1.0,58.95985000097426,92.48940000143193,2.0625
impact_without_severity,0.25,single_character_error,1.0,0.6714285714285714,0.6666666666666666,0.8034188034188035,0.75,1.0,66.15520000195829,122.01615499980107,1.0
impact_without_severity,0.5,clean,1.0,1.0,1.0,1.0,1.0,2.0,0.5149499993422069,0.799929998902371,0.0
impact_without_severity,0.5,mixed_corruption,1.0,0.6142857142857143,0.6666666666666666,0.7610619469026548,0.734375,2.0,59.129250006662915,92.84895999880973,1.0625
impact_without_severity,0.5,single_character_error,1.0,1.0,1.0,1.0,1.0,2.0,66.30115000007208,122.15023999815458,0.0
impact_without_severity,0.75,clean,1.0,1.0,1.0,1.0,1.0,3.0,0.6437999982153997,0.9570899968821321,0.0
impact_without_severity,0.75,mixed_corruption,1.0,0.9428571428571428,1.0,0.9705882352941176,0.96875,3.0,59.283850005158456,93.10989999758021,0.125
impact_without_severity,0.75,single_character_error,1.0,1.0,1.0,1.0,1.0,3.0,66.43280000207596,122.27204499904474,0.0
impact_without_severity,1.0,clean,1.0,1.0,1.0,1.0,1.0,4.0,0.7532999989052769,1.110565000635688,0.0
impact_without_severity,1.0,mixed_corruption,1.0,1.0,1.0,1.0,1.0,4.0,59.3888000039442,93.33373499830486,0.0
impact_without_severity,1.0,single_character_error,1.0,1.0,1.0,1.0,1.0,4.0,66.54759999946691,122.37660000100732,0.0
legacy_baseline,0.0,clean,1.0,1.0,1.0,1.0,1.0,0.0,0.6179500014695805,0.8875500003341585,0.0
legacy_baseline,0.0,mixed_corruption,,0.0,0.0,0.0,0.234375,0.0,59.09080000492395,92.10945999875548,3.0625
legacy_baseline,0.0,single_character_error,1.0,0.18571428571428572,0.14285714285714285,0.3132530120481928,0.5,0.0,66.32779999927152,122.0878150070348,2.0
legacy_baseline,0.25,clean,1.0,1.0,1.0,1.0,1.0,0.0,0.6179500014695805,0.8875500003341585,0.0
legacy_baseline,0.25,mixed_corruption,,0.0,0.0,0.0,0.234375,0.0,59.09080000492395,92.10945999875548,3.0625
legacy_baseline,0.25,single_character_error,1.0,0.18571428571428572,0.14285714285714285,0.3132530120481928,0.5,0.0,66.32779999927152,122.0878150070348,2.0
legacy_baseline,0.5,clean,1.0,1.0,1.0,1.0,1.0,0.0,0.6179500014695805,0.8875500003341585,0.0
legacy_baseline,0.5,mixed_corruption,,0.0,0.0,0.0,0.234375,0.0,59.09080000492395,92.10945999875548,3.0625
legacy_baseline,0.5,single_character_error,1.0,0.18571428571428572,0.14285714285714285,0.3132530120481928,0.5,0.0,66.32779999927152,122.0878150070348,2.0
legacy_baseline,0.75,clean,1.0,1.0,1.0,1.0,1.0,0.0,0.6179500014695805,0.8875500003341585,0.0
legacy_baseline,0.75,mixed_corruption,,0.0,0.0,0.0,0.234375,0.0,59.09080000492395,92.10945999875548,3.0625
legacy_baseline,0.75,single_character_error,1.0,0.18571428571428572,0.14285714285714285,0.3132530120481928,0.5,0.0,66.32779999927152,122.0878150070348,2.0
legacy_baseline,1.0,clean,1.0,1.0,1.0,1.0,1.0,0.0,0.6179500014695805,0.8875500003341585,0.0
legacy_baseline,1.0,mixed_corruption,,0.0,0.0,0.0,0.234375,0.0,59.09080000492395,92.10945999875548,3.0625
legacy_baseline,1.0,single_character_error,1.0,0.18571428571428572,0.14285714285714285,0.3132530120481928,0.5,0.0,66.32779999927152,122.0878150070348,2.0
prescription_order,0.0,clean,1.0,1.0,1.0,1.0,1.0,0.0,0.2045499968517106,0.29350000149861444,0.0
prescription_order,0.0,mixed_corruption,,0.0,0.0,0.0,0.234375,0.0,58.84810000497964,92.00240499449137,3.0625
prescription_order,0.0,single_character_error,1.0,0.18571428571428572,0.14285714285714285,0.3132530120481928,0.5,0.0,66.1184000018693,121.76471000275342,2.0
prescription_order,0.25,clean,1.0,1.0,1.0,1.0,1.0,1.0,0.35769999522017315,0.4985100014891941,0.0
prescription_order,0.25,mixed_corruption,1.0,0.22857142857142856,0.09523809523809523,0.37209302325581395,0.484375,1.0,59.154600006877445,92.60359999752836,2.0625
prescription_order,0.25,single_character_error,1.0,0.5714285714285714,0.5238095238095238,0.7272727272727273,0.75,1.0,66.44790000063949,121.9635900000867,1.0
prescription_order,0.5,clean,1.0,1.0,1.0,1.0,1.0,2.0,0.4992499998479616,0.6899050036736298,0.0
prescription_order,0.5,mixed_corruption,1.0,0.5142857142857142,0.47619047619047616,0.6792452830188679,0.71875,2.0,59.36245000339113,93.08073499705642,1.125
prescription_order,0.5,single_character_error,1.0,0.5714285714285714,0.5238095238095238,0.7272727272727273,0.75,2.0,66.6200999985449,122.12568500253838,1.0
prescription_order,0.75,clean,1.0,1.0,1.0,1.0,1.0,3.0,0.6200999996508472,0.8592600031988695,0.0
prescription_order,0.75,mixed_corruption,1.0,0.9142857142857143,1.0,0.9552238805970149,0.96875,3.0,59.509250004339265,93.36460999584233,0.125
prescription_order,0.75,single_character_error,1.0,1.0,1.0,1.0,1.0,3.0,66.76515000071959,122.2489299994777,0.0
prescription_order,1.0,clean,1.0,1.0,1.0,1.0,1.0,4.0,0.7310500004678033,1.005789996997919,0.0
prescription_order,1.0,mixed_corruption,1.0,1.0,1.0,1.0,1.0,4.0,59.62270000236458,93.67401999370486,0.0
prescription_order,1.0,single_character_error,1.0,1.0,1.0,1.0,1.0,4.0,66.88889999713865,122.36080499787931,0.0
uncertainty,0.0,clean,1.0,1.0,1.0,1.0,1.0,0.0,0.20980000044801272,0.2628199985338142,0.0
uncertainty,0.0,mixed_corruption,,0.0,0.0,0.0,0.234375,0.0,58.74260000564391,91.79047999496106,3.0625
uncertainty,0.0,single_character_error,1.0,0.18571428571428572,0.14285714285714285,0.3132530120481928,0.5,0.0,65.95600000218838,121.70980500122823,2.0
uncertainty,0.25,clean,1.0,1.0,1.0,1.0,1.0,1.0,0.36869999530608766,0.4845949992159148,0.0
uncertainty,0.25,mixed_corruption,1.0,0.2,0.14285714285714285,0.3333333333333333,0.484375,1.0,59.013150003011106,92.45020499729435,2.0625
uncertainty,0.25,single_character_error,1.0,0.5714285714285714,0.5238095238095238,0.7272727272727273,0.75,1.0,66.17155000276398,121.88080500272918,1.0
uncertainty,0.5,clean,1.0,1.0,1.0,1.0,1.0,2.0,0.5045499965490308,0.6832999977632426,0.0
uncertainty,0.5,mixed_corruption,1.0,0.5285714285714286,0.47619047619047616,0.6915887850467289,0.734375,2.0,59.18395000480814,92.79815499721735,1.0625
uncertainty,0.5,single_character_error,1.0,1.0,1.0,1.0,1.0,2.0,66.31594999998924,122.00462999971933,0.0
uncertainty,0.75,clean,1.0,1.0,1.0,1.0,1.0,3.0,0.6409500019799452,0.8544249976694118,0.0
uncertainty,0.75,mixed_corruption,1.0,0.9,0.9047619047619048,0.9473684210526315,0.96875,3.0,59.30925000575371,93.07962499769928,0.125
uncertainty,0.75,single_character_error,1.0,1.0,1.0,1.0,1.0,3.0,66.44859999869368,122.11575000073935,0.0
uncertainty,1.0,clean,1.0,1.0,1.0,1.0,1.0,4.0,0.7539000034739729,1.0082449993205955,0.0
uncertainty,1.0,mixed_corruption,1.0,1.0,1.0,1.0,1.0,4.0,59.44065000585397,93.3035799942445,0.0
uncertainty,1.0,single_character_error,1.0,1.0,1.0,1.0,1.0,4.0,66.63045000095735,122.2108650028531,0.0
