case_id,group_id,input_kind,entries,exact_identity_correct,candidate_hits,no_candidates,extraction_ms
SYN-001-clean,G001,clean,4,4,4,0,0.06890000076964498
SYN-001-single_character_error,G001,single_character_error,4,2,4,0,122.04300000303192
SYN-001-mixed_corruption,G001,mixed_corruption,4,1,4,0,65.65450000198325
SYN-002-clean,G002,clean,4,4,4,0,0.04119999357499182
SYN-002-single_character_error,G002,single_character_error,4,2,4,0,63.744699997187126
SYN-002-mixed_corruption,G002,mixed_corruption,4,1,4,0,49.68820000067353
SYN-003-clean,G003,clean,4,4,4,0,0.03999999898951501
SYN-003-single_character_error,G003,single_character_error,4,2,4,0,55.345100001432
SYN-003-mixed_corruption,G003,mixed_corruption,4,1,4,0,43.52949999884004
SYN-004-clean,G004,clean,4,4,4,0,0.04289999924367294
SYN-004-single_character_error,G004,single_character_error,4,2,4,0,49.56110000057379
SYN-004-mixed_corruption,G004,mixed_corruption,4,1,4,0,36.00619999633636
SYN-006-clean,G006,clean,4,4,4,0,0.043300002289470285
SYN-006-single_character_error,G006,single_character_error,4,2,4,0,49.948400002904236
SYN-006-mixed_corruption,G006,mixed_corruption,4,1,4,0,57.664799998747185
SYN-007-clean,G007,clean,4,4,4,0,0.04709999484475702
SYN-007-single_character_error,G007,single_character_error,4,2,4,0,50.69099999673199
SYN-007-mixed_corruption,G007,mixed_corruption,4,0,3,1,59.353200005716644
SYN-008-clean,G008,clean,4,4,4,0,0.04649999755201861
SYN-008-single_character_error,G008,single_character_error,4,2,4,0,57.021000000531785
SYN-008-mixed_corruption,G008,mixed_corruption,4,1,4,0,50.14589999336749
SYN-009-clean,G009,clean,4,4,4,0,0.03909999941242859
SYN-009-single_character_error,G009,single_character_error,4,2,4,0,44.22370000247611
SYN-009-mixed_corruption,G009,mixed_corruption,4,1,4,0,32.14450000086799
SYN-011-clean,G011,clean,4,4,4,0,0.04180000541964546
SYN-011-single_character_error,G011,single_character_error,4,2,4,0,37.449800001922995
SYN-011-mixed_corruption,G011,mixed_corruption,4,1,4,0,33.86079999472713
SYN-012-clean,G012,clean,4,4,4,0,0.038300000596791506
SYN-012-single_character_error,G012,single_character_error,4,2,4,0,126.8428999974276
SYN-012-mixed_corruption,G012,mixed_corruption,4,1,4,0,151.58870000595925
SYN-013-clean,G013,clean,4,4,4,0,0.06429999484680593
SYN-013-single_character_error,G013,single_character_error,4,2,4,0,93.33809999952791
SYN-013-mixed_corruption,G013,mixed_corruption,4,1,4,0,75.32429999992019
SYN-014-clean,G014,clean,4,4,4,0,0.0701000026310794
SYN-014-single_character_error,G014,single_character_error,4,2,4,0,80.42760000535054
SYN-014-mixed_corruption,G014,mixed_corruption,4,0,3,1,55.63529999926686
SYN-016-clean,G016,clean,4,4,4,0,0.05329999839887023
SYN-016-single_character_error,G016,single_character_error,4,2,4,0,58.240899998054374
SYN-016-mixed_corruption,G016,mixed_corruption,4,1,4,0,49.731099999917205
SYN-017-clean,G017,clean,4,4,4,0,0.05509999755304307
SYN-017-single_character_error,G017,single_character_error,4,2,4,0,121.04209999961313
SYN-017-mixed_corruption,G017,mixed_corruption,4,1,4,0,55.82719999802066
SYN-018-clean,G018,clean,4,4,4,0,0.058400000852998346
SYN-018-single_character_error,G018,single_character_error,4,2,4,0,75.52800000121351
SYN-018-mixed_corruption,G018,mixed_corruption,4,1,4,0,74.47079999838024
SYN-019-clean,G019,clean,4,4,4,0,0.0686999992467463
SYN-019-single_character_error,G019,single_character_error,4,2,4,0,68.583000000217
SYN-019-mixed_corruption,G019,mixed_corruption,4,1,4,0,97.0545999953174
SYN-021-clean,G021,clean,4,4,4,0,0.05360000068321824
SYN-021-single_character_error,G021,single_character_error,4,2,4,0,48.87060000328347
SYN-021-mixed_corruption,G021,mixed_corruption,4,0,3,1,56.2424000017927
SYN-022-clean,G022,clean,4,4,4,0,0.05450000026030466
SYN-022-single_character_error,G022,single_character_error,4,2,4,0,70.92679999914253
SYN-022-mixed_corruption,G022,mixed_corruption,4,1,4,0,61.363900000287686
SYN-023-clean,G023,clean,4,4,4,0,0.05199999577598646
SYN-023-single_character_error,G023,single_character_error,4,2,4,0,72.29409999854397
SYN-023-mixed_corruption,G023,mixed_corruption,4,1,4,0,64.07769999350421
SYN-024-clean,G024,clean,4,4,4,0,0.05499999679159373
SYN-024-single_character_error,G024,single_character_error,4,2,4,0,74.02049999654992
SYN-024-mixed_corruption,G024,mixed_corruption,4,1,4,0,69.20240000181366
SYN-026-clean,G026,clean,4,4,4,0,0.0554999933228828
SYN-026-single_character_error,G026,single_character_error,4,2,4,0,84.63050000136718
SYN-026-mixed_corruption,G026,mixed_corruption,4,1,4,0,76.79060000373283
SYN-027-clean,G027,clean,4,4,4,0,0.050199996621813625
SYN-027-single_character_error,G027,single_character_error,4,2,4,0,62.3254000020097
SYN-027-mixed_corruption,G027,mixed_corruption,4,1,4,0,81.69140000245534
SYN-028-clean,G028,clean,4,4,4,0,0.05370000144466758
SYN-028-single_character_error,G028,single_character_error,4,2,4,0,79.55220000440022
SYN-028-mixed_corruption,G028,mixed_corruption,4,0,3,1,46.138799996697344
SYN-029-clean,G029,clean,4,4,4,0,0.05270000110613182
SYN-029-single_character_error,G029,single_character_error,4,2,4,0,70.00999999581836
SYN-029-mixed_corruption,G029,mixed_corruption,4,1,4,0,57.606200003647245
SYN-031-clean,G031,clean,4,4,4,0,0.05100000271340832
SYN-031-single_character_error,G031,single_character_error,4,2,4,0,72.76200000342214
SYN-031-mixed_corruption,G031,mixed_corruption,4,1,4,0,60.51850000221748
SYN-032-clean,G032,clean,4,4,4,0,0.05830000009154901
SYN-032-single_character_error,G032,single_character_error,4,2,4,0,36.40520000044489
SYN-032-mixed_corruption,G032,mixed_corruption,4,1,4,0,57.00329999672249
SYN-033-clean,G033,clean,4,4,4,0,0.0518000015290454
SYN-033-single_character_error,G033,single_character_error,4,2,4,0,75.94129999779398
SYN-033-mixed_corruption,G033,mixed_corruption,4,1,4,0,69.83390000095824
SYN-034-clean,G034,clean,4,4,4,0,0.06259999645408243
SYN-034-single_character_error,G034,single_character_error,4,2,4,0,62.95530000352301
SYN-034-mixed_corruption,G034,mixed_corruption,4,2,4,0,0.16039999900385737
SYN-036-clean,G036,clean,4,4,4,0,0.05070000042906031
SYN-036-single_character_error,G036,single_character_error,4,2,4,0,64.57080000109272
SYN-036-mixed_corruption,G036,mixed_corruption,4,2,4,0,0.15729999722680077
SYN-037-clean,G037,clean,4,4,4,0,0.04959999932907522
SYN-037-single_character_error,G037,single_character_error,4,2,4,0,58.52549999690382
SYN-037-mixed_corruption,G037,mixed_corruption,4,1,4,0,60.81580000318354
SYN-038-clean,G038,clean,4,4,4,0,0.06150000263005495
SYN-038-single_character_error,G038,single_character_error,4,2,4,0,66.79420000000391
SYN-038-mixed_corruption,G038,mixed_corruption,4,1,4,0,66.80909999704454
SYN-039-clean,G039,clean,4,4,4,0,0.052600000344682485
SYN-039-single_character_error,G039,single_character_error,4,2,4,0,34.52150000521215
SYN-039-mixed_corruption,G039,mixed_corruption,4,1,4,0,86.23760000045877
