candidate_coverage,candidate_set_size_mean,cases,conditional_extra_findings_mean,conditional_findings_mean,exact_identity_accuracy,f1,groups,high_recall,incorrect_stable_rate,input_kind,latency_median_ms,latency_p95_ms,method,normalization_median_ms,precision,python_peak_bytes_max,recall,size,split,stable_predicates,unscorable_stable_predicates,warm_latency_median_ms
1.0,1.0,3,0.0,0.0,1.0,1.0,3,1.0,0.0,blur_low_contrast,0.053899999329587445,0.05804000138596166,candidate_propagation,0,1.0,,1.0,2,calibration,1,0,0.013900000340072438
1.0,1.0,4,0.0,0.0,1.0,1.0,4,1.0,0.0,blur_low_contrast,0.1739999988785712,0.4431399986060568,candidate_propagation,0.0,1.0,,1.0,5,calibration,6,0,0.076299998909235
1.0,1.0,1,0.0,0.0,1.0,1.0,1,1.0,0.0,blur_low_contrast,1.4893999978085048,1.4893999978085048,candidate_propagation,0,1.0,,1.0,10,calibration,8,0,0.29709999944316223
1.0,1.0,3,0.0,0.0,1.0,1.0,3,1.0,,blur_low_contrast,0.0610999995842576,0.07792999676894397,resolved_only,0,1.0,,1.0,2,calibration,0,0,
1.0,1.0,4,0.0,0.0,1.0,1.0,4,1.0,,blur_low_contrast,0.0869999985297909,0.1800249987354618,resolved_only,0.0,1.0,,1.0,5,calibration,0,0,
1.0,1.0,1,0.0,0.0,1.0,1.0,1,1.0,,blur_low_contrast,0.2759000017249491,0.2759000017249491,resolved_only,0,1.0,,1.0,10,calibration,0,0,
1.0,1.0,3,0.0,0.0,1.0,1.0,3,1.0,,blur_low_contrast,0.021600000764010474,0.027180000688531436,top1_assumption,0,1.0,,1.0,2,calibration,0,0,
1.0,1.0,4,0.0,0.0,1.0,1.0,4,1.0,,blur_low_contrast,0.04130000161239877,0.10171500289288812,top1_assumption,0.0,1.0,,1.0,5,calibration,0,0,
1.0,1.0,1,0.0,0.0,1.0,1.0,1,1.0,,blur_low_contrast,0.19780000002356246,0.19780000002356246,top1_assumption,0,1.0,,1.0,10,calibration,0,0,
1.0,1.0,3,0.0,0.0,1.0,1.0,3,1.0,0.0,clean,0.04949999856762588,0.13094999994791579,candidate_propagation,0,1.0,,1.0,2,calibration,1,0,0.01639999754843302
1.0,1.0,4,0.0,0.0,1.0,1.0,4,1.0,0.0,clean,0.2393000013398705,0.38537500022357557,candidate_propagation,0.0,1.0,,1.0,5,calibration,6,0,2.166149999538902
1.0,1.0,1,0.0,0.0,1.0,1.0,1,1.0,0.0,clean,2.142200002708705,2.142200002708705,candidate_propagation,0,1.0,,1.0,10,calibration,8,0,0.5405000010796357
1.0,1.0,3,0.0,0.0,1.0,1.0,3,1.0,,clean,0.08170000000973232,2.1499000027688453,resolved_only,0,1.0,,1.0,2,calibration,0,0,
1.0,1.0,4,0.0,0.0,1.0,1.0,4,1.0,,clean,0.5486000009113923,4.963005002355201,resolved_only,0.0,1.0,,1.0,5,calibration,0,0,
1.0,1.0,1,0.0,0.0,1.0,1.0,1,1.0,,clean,6.365999997797189,6.365999997797189,resolved_only,0,1.0,,1.0,10,calibration,0,0,
1.0,1.0,3,0.0,0.0,1.0,1.0,3,1.0,,clean,0.02260000110254623,0.037540000266744755,top1_assumption,0,1.0,,1.0,2,calibration,0,0,
1.0,1.0,4,0.0,0.0,1.0,1.0,4,1.0,,clean,0.09519999912299681,0.14398500279639848,top1_assumption,0.0,1.0,,1.0,5,calibration,0,0,
1.0,1.0,1,0.0,0.0,1.0,1.0,1,1.0,,clean,0.2824000002874527,0.2824000002874527,top1_assumption,0,1.0,,1.0,10,calibration,0,0,
1.0,1.0,3,0.0,0.0,1.0,1.0,3,1.0,0.0,rotation_3_degrees,0.04090000220458023,0.046660000225529075,candidate_propagation,0,1.0,,1.0,2,calibration,1,0,0.012299999070819467
1.0,1.0,4,0.0,0.0,1.0,1.0,4,1.0,0.0,rotation_3_degrees,0.18339999951422215,0.25840999787760666,candidate_propagation,0.0,1.0,,1.0,5,calibration,6,0,0.07899999945948366
1.0,1.0,1,0.0,0.0,1.0,1.0,1,1.0,0.0,rotation_3_degrees,2.17279999924358,2.17279999924358,candidate_propagation,0,1.0,,1.0,10,calibration,8,0,0.2750999992713332
1.0,1.0,3,0.0,0.0,1.0,1.0,3,1.0,,rotation_3_degrees,0.03429999924264848,0.05203000000619795,resolved_only,0,1.0,,1.0,2,calibration,0,0,
1.0,1.0,4,0.0,0.0,1.0,1.0,4,1.0,,rotation_3_degrees,0.103750000562286,0.16294000270136164,resolved_only,0.0,1.0,,1.0,5,calibration,0,0,
1.0,1.0,1,0.0,0.0,1.0,1.0,1,1.0,,rotation_3_degrees,0.23770000188960694,0.23770000188960694,resolved_only,0,1.0,,1.0,10,calibration,0,0,
1.0,1.0,3,0.0,0.0,1.0,1.0,3,1.0,,rotation_3_degrees,0.01799999881768599,0.02088000110234134,top1_assumption,0,1.0,,1.0,2,calibration,0,0,
1.0,1.0,4,0.0,0.0,1.0,1.0,4,1.0,,rotation_3_degrees,0.05045000034442637,0.10637000050337517,top1_assumption,0.0,1.0,,1.0,5,calibration,0,0,
1.0,1.0,1,0.0,0.0,1.0,1.0,1,1.0,,rotation_3_degrees,0.1616000008652918,0.1616000008652918,top1_assumption,0,1.0,,1.0,10,calibration,0,0,
1.0,1.1538461538461537,13,0.07692307692307693,0.15384615384615385,0.9615384615384616,0.9473684210526315,13,1.0,0.0,blur_low_contrast,0.08719999823370017,0.1988999989407602,candidate_propagation,0,0.9,,1.0,2,development,8,0,0.026199999410891905
1.0,1.0,7,0.0,0.0,1.0,1.0,7,,0.0,blur_low_contrast,0.36550000004353933,0.6089099992095726,candidate_propagation,0,1.0,,1.0,5,development,15,0,0.148899998748675
1.0,1.0,4,0.0,0.0,1.0,1.0,4,1.0,0.0,blur_low_contrast,3.4348499993939186,3.726905002076819,candidate_propagation,0.0,1.0,,1.0,10,development,19,0,0.5636000005324604
1.0,1.1538461538461537,13,0.0,0.0,0.9615384615384616,0.9411764705882353,13,0.5,,blur_low_contrast,0.07969999933266081,0.12955999991390854,resolved_only,0,1.0,,0.8888888888888888,2,development,0,0,
1.0,1.0,7,0.0,0.0,1.0,1.0,7,,,blur_low_contrast,0.18339999951422215,0.26453000064066146,resolved_only,0,1.0,,1.0,5,development,0,0,
1.0,1.0,4,0.0,0.0,1.0,1.0,4,1.0,,blur_low_contrast,0.4208999998809304,0.5824299974847236,resolved_only,0.0,1.0,,1.0,10,development,0,0,
1.0,1.1538461538461537,13,0.0,0.0,0.9615384615384616,1.0,13,1.0,,blur_low_contrast,0.05790000068373047,0.2343999993172472,top1_assumption,0,1.0,,1.0,2,development,0,0,
1.0,1.0,7,0.0,0.0,1.0,1.0,7,,,blur_low_contrast,0.0895000011951197,0.1452700023946818,top1_assumption,0,1.0,,1.0,5,development,0,0,
1.0,1.0,4,0.0,0.0,1.0,1.0,4,1.0,,blur_low_contrast,0.26095000066561624,0.42074499851878494,top1_assumption,0.0,1.0,,1.0,10,development,0,0,
1.0,1.1538461538461537,13,0.07692307692307693,0.15384615384615385,0.9615384615384616,0.9473684210526315,13,1.0,0.0,clean,0.08039999738684855,0.12073999896529121,candidate_propagation,0,0.9,,1.0,2,development,8,0,0.0259000007645227
1.0,1.0,7,0.0,0.0,1.0,1.0,7,,0.0,clean,0.3538999990269076,0.5419100005383369,candidate_propagation,0,1.0,,1.0,5,development,15,0,0.2778999987640418
1.0,1.0,4,0.0,0.0,1.0,1.0,4,1.0,0.0,clean,4.053050000948133,5.323354998836294,candidate_propagation,0.0,1.0,,1.0,10,development,19,0,0.682849999066093
1.0,1.1538461538461537,13,0.0,0.0,0.9615384615384616,0.9411764705882353,13,0.5,,clean,0.23660000078962184,1.4977999991970121,resolved_only,0,1.0,,0.8888888888888888,2,development,0,0,
1.0,1.0,7,0.0,0.0,1.0,1.0,7,,,clean,0.25660000028437935,5.033250001361008,resolved_only,0,1.0,,1.0,5,development,0,0,
1.0,1.0,4,0.0,0.0,1.0,1.0,4,1.0,,clean,4.169199999523698,18.54203499915456,resolved_only,0.0,1.0,,1.0,10,development,0,0,
1.0,1.1538461538461537,13,0.0,0.0,0.9615384615384616,1.0,13,1.0,,clean,0.06100000246078707,0.09717999928398048,top1_assumption,0,1.0,,1.0,2,development,0,0,
1.0,1.0,7,0.0,0.0,1.0,1.0,7,,,clean,0.0911999995878432,0.14791000030527357,top1_assumption,0,1.0,,1.0,5,development,0,0,
1.0,1.0,4,0.0,0.0,1.0,1.0,4,1.0,,clean,0.3201000017725164,0.39694500064797467,top1_assumption,0.0,1.0,,1.0,10,development,0,0,
1.0,1.1538461538461537,13,0.07692307692307693,0.15384615384615385,0.9615384615384616,0.9473684210526315,13,1.0,0.0,rotation_3_degrees,0.06209999992279336,0.1685400013229807,candidate_propagation,0,0.9,,1.0,2,development,8,0,0.025200002710334957
1.0,1.0,7,0.0,0.0,1.0,1.0,7,,0.0,rotation_3_degrees,0.22339999850373715,0.3843800004688091,candidate_propagation,0,1.0,,1.0,5,development,15,0,0.14010000086273067
1.0,1.0,4,0.0,0.0,1.0,1.0,4,1.0,0.0,rotation_3_degrees,3.0667999999423046,4.56007499833504,candidate_propagation,0.0,1.0,,1.0,10,development,19,0,0.6435999985114904
1.0,1.1538461538461537,13,0.0,0.0,0.9615384615384616,0.9411764705882353,13,0.5,,rotation_3_degrees,0.072900002123788,0.11852000170620158,resolved_only,0,1.0,,0.8888888888888888,2,development,0,0,
1.0,1.0,7,0.0,0.0,1.0,1.0,7,,,rotation_3_degrees,0.167199999850709,0.2698200009035645,resolved_only,0,1.0,,1.0,5,development,0,0,
1.0,1.0,4,0.0,0.0,1.0,1.0,4,1.0,,rotation_3_degrees,0.4118000015296275,0.6976650000069639,resolved_only,0.0,1.0,,1.0,10,development,0,0,
1.0,1.1538461538461537,13,0.0,0.0,0.9615384615384616,1.0,13,1.0,,rotation_3_degrees,0.029800001357216388,0.09322000041720449,top1_assumption,0,1.0,,1.0,2,development,0,0,
1.0,1.0,7,0.0,0.0,1.0,1.0,7,,,rotation_3_degrees,0.08860000161803328,0.1542900012282189,top1_assumption,0,1.0,,1.0,5,development,0,0,
1.0,1.0,4,0.0,0.0,1.0,1.0,4,1.0,,rotation_3_degrees,0.25925000227289274,0.47551500119880064,top1_assumption,0.0,1.0,,1.0,10,development,0,0,
1.0,1.0,3,0.0,0.0,1.0,,3,,,blur_low_contrast,0.03369999831193127,0.05304999831423629,candidate_propagation,0,,,,2,test,0,0,0.014299999747890979
1.0,1.0,2,0.0,0.0,1.0,1.0,2,1.0,0.0,blur_low_contrast,0.18350000027567148,0.24587000043538865,candidate_propagation,0.0,1.0,,1.0,5,test,1,0,1.9480999999359483
1.0,1.0,3,0.0,0.0,1.0,1.0,3,1.0,0.0,blur_low_contrast,3.0942999983381014,3.6015400004544063,candidate_propagation,0,1.0,,1.0,10,test,17,0,0.5616000016743783
1.0,1.0,3,0.0,0.0,1.0,,3,,,blur_low_contrast,0.028299997211433947,0.057820002621156164,resolved_only,0,,,,2,test,0,0,
1.0,1.0,2,0.0,0.0,1.0,1.0,2,1.0,,blur_low_contrast,0.06749999920430128,0.09476999894104665,resolved_only,0.0,1.0,,1.0,5,test,0,0,
1.0,1.0,3,0.0,0.0,1.0,1.0,3,1.0,,blur_low_contrast,0.3797999997914303,0.7774199988489272,resolved_only,0,1.0,,1.0,10,test,0,0,
1.0,1.0,3,0.0,0.0,1.0,,3,,,blur_low_contrast,0.012500000593718141,0.01843999998527579,top1_assumption,0,,,,2,test,0,0,
1.0,1.0,2,0.0,0.0,1.0,1.0,2,1.0,,blur_low_contrast,0.034550001146271825,0.047825000729062594,top1_assumption,0.0,1.0,,1.0,5,test,0,0,
1.0,1.0,3,0.0,0.0,1.0,1.0,3,1.0,,blur_low_contrast,0.24680000205989927,0.44651000025623944,top1_assumption,0,1.0,,1.0,10,test,0,0,
1.0,1.0,3,0.0,0.0,1.0,,3,,,clean,0.03719999949680641,0.052049997975700535,candidate_propagation,0,,,,2,test,0,0,0.014799999917158857
1.0,1.0,2,0.0,0.0,1.0,1.0,2,1.0,0.0,clean,0.18079999972542282,0.21860000106244115,candidate_propagation,0.0,1.0,,1.0,5,test,1,0,1.141150001785718
1.0,1.0,3,0.0,0.0,1.0,1.0,3,1.0,0.0,clean,3.3103000023402274,4.810419998102589,candidate_propagation,0,1.0,,1.0,10,test,17,0,0.690799999574665
1.0,1.0,3,0.0,0.0,1.0,,3,,,clean,0.0397000003431458,0.09829000118770637,resolved_only,0,,,,2,test,0,0,
1.0,1.0,2,0.0,0.0,1.0,1.0,2,1.0,,clean,0.8091500003502006,0.9686750019682222,resolved_only,0.0,1.0,,1.0,5,test,0,0,
1.0,1.0,3,0.0,0.0,1.0,1.0,3,1.0,,clean,0.6560000001627486,15.358850000848177,resolved_only,0,1.0,,1.0,10,test,0,0,
1.0,1.0,3,0.0,0.0,1.0,,3,,,clean,0.015199999324977398,0.022220000391826034,top1_assumption,0,,,,2,test,0,0,
1.0,1.0,2,0.0,0.0,1.0,1.0,2,1.0,,clean,0.039799999285605736,0.040160000389732886,top1_assumption,0.0,1.0,,1.0,5,test,0,0,
1.0,1.0,3,0.0,0.0,1.0,1.0,3,1.0,,clean,0.25409999943803996,0.41312999892397784,top1_assumption,0,1.0,,1.0,10,test,0,0,
1.0,1.0,3,0.0,0.0,1.0,,3,,,rotation_3_degrees,0.043300002289470285,0.052120000691502355,candidate_propagation,0,,,,2,test,0,0,0.02049999966402538
1.0,1.0,2,0.0,0.0,1.0,1.0,2,1.0,0.0,rotation_3_degrees,0.2662500010046642,0.33766500127967447,candidate_propagation,0.0,1.0,,1.0,5,test,1,0,0.10664999899745453
1.0,1.0,3,0.0,0.0,1.0,1.0,3,1.0,0.0,rotation_3_degrees,3.653400002804119,580.9006199975555,candidate_propagation,0,1.0,,1.0,10,test,17,0,0.3761000007216353
1.0,1.0,3,0.0,0.0,1.0,,3,,,rotation_3_degrees,0.03239999932702631,0.0367199994798284,resolved_only,0,,,,2,test,0,0,
1.0,1.0,2,0.0,0.0,1.0,1.0,2,1.0,,rotation_3_degrees,0.10905000090133399,0.16066500102169812,resolved_only,0.0,1.0,,1.0,5,test,0,0,
1.0,1.0,3,0.0,0.0,1.0,1.0,3,1.0,,rotation_3_degrees,0.3634000022429973,0.5850700006703846,resolved_only,0,1.0,,1.0,10,test,0,0,
1.0,1.0,3,0.0,0.0,1.0,,3,,,rotation_3_degrees,0.015199999324977398,0.02122999940183945,top1_assumption,0,,,,2,test,0,0,
1.0,1.0,2,0.0,0.0,1.0,1.0,2,1.0,,rotation_3_degrees,0.05469999996421393,0.07872999794926727,top1_assumption,0.0,1.0,,1.0,5,test,0,0,
1.0,1.0,3,0.0,0.0,1.0,1.0,3,1.0,,rotation_3_degrees,0.16180000238819048,0.407590001123026,top1_assumption,0,1.0,,1.0,10,test,0,0,
