bbox_iou_sum,boundary_matches,case_id,character_edits,detected_entries,error,font_name,gold_entries,group_id,input_kind,layout,ocr_ms,reference_characters,reference_words,split,word_edits
1.2832588822472832,2,HOCR-0000-clean,1,2,,arial.ttf,2,OCR0000,clean,flush_left,28647.770100000344,57,10,development,1
1.646669153846324,2,HOCR-0000-rotation_3_degrees,1,2,,arial.ttf,2,OCR0000,rotation_3_degrees,flush_left,4958.254599998327,57,10,development,1
1.2655663797290546,2,HOCR-0000-blur_low_contrast,1,2,,arial.ttf,2,OCR0000,blur_low_contrast,flush_left,4554.37399999937,57,10,development,1
3.24492998599952,5,HOCR-0001-clean,0,5,,arial.ttf,5,OCR0001,clean,flush_left,10313.266799999838,167,27,development,0
4.276120248295054,5,HOCR-0001-rotation_3_degrees,0,5,,arial.ttf,5,OCR0001,rotation_3_degrees,flush_left,9848.639100000582,167,27,development,0
3.2805902603679575,5,HOCR-0001-blur_low_contrast,0,5,,arial.ttf,5,OCR0001,blur_low_contrast,flush_left,9369.51549999867,167,27,development,0
6.659663040247863,10,HOCR-0002-clean,0,10,,arial.ttf,10,OCR0002,clean,flush_left,18125.75129999823,297,52,development,0
8.467489322443353,10,HOCR-0002-rotation_3_degrees,0,10,,arial.ttf,10,OCR0002,rotation_3_degrees,flush_left,11466.174100001808,297,52,development,0
6.6617344257678965,10,HOCR-0002-blur_low_contrast,0,10,,arial.ttf,10,OCR0002,blur_low_contrast,flush_left,17740.961600000446,297,52,development,0
1.2838566760653127,2,HOCR-0003-clean,0,2,,arial.ttf,2,OCR0003,clean,flush_left,4188.702899999043,53,10,development,0
1.6669134021403231,2,HOCR-0003-rotation_3_degrees,0,2,,arial.ttf,2,OCR0003,rotation_3_degrees,flush_left,4694.568599999911,53,10,development,0
1.327099528688934,2,HOCR-0003-blur_low_contrast,0,2,,arial.ttf,2,OCR0003,blur_low_contrast,flush_left,4566.789000000426,53,10,development,0
3.199293981229379,5,HOCR-0004-clean,0,5,,arial.ttf,5,OCR0004,clean,flush_left,10278.192199999467,163,27,development,0
4.149746812084627,5,HOCR-0004-rotation_3_degrees,0,5,,arial.ttf,5,OCR0004,rotation_3_degrees,flush_left,10072.089199999027,163,27,development,0
3.289358642674748,5,HOCR-0004-blur_low_contrast,0,5,,arial.ttf,5,OCR0004,blur_low_contrast,flush_left,10550.485799998569,163,27,development,0
1.3017854267059332,2,HOCR-0005-clean,0,2,,arial.ttf,2,OCR0005,clean,flush_left,4664.6108999993885,58,10,development,0
1.5822686559313661,2,HOCR-0005-rotation_3_degrees,0,2,,arial.ttf,2,OCR0005,rotation_3_degrees,flush_left,4452.276400003029,58,10,development,0
1.3911033941771647,2,HOCR-0005-blur_low_contrast,0,2,,arial.ttf,2,OCR0005,blur_low_contrast,flush_left,4660.627100001875,58,10,development,0
1.4693977046918225,2,HOCR-0006-clean,0,2,,calibri.ttf,2,OCR0006,clean,indented,4519.851699998981,55,10,calibration,0
1.6550043297582464,2,HOCR-0006-rotation_3_degrees,0,2,,calibri.ttf,2,OCR0006,rotation_3_degrees,indented,4581.368300001486,55,10,calibration,0
1.357639057730232,2,HOCR-0006-blur_low_contrast,0,2,,calibri.ttf,2,OCR0006,blur_low_contrast,indented,4572.558999996545,55,10,calibration,0
3.3915630575134297,5,HOCR-0007-clean,0,5,,calibri.ttf,5,OCR0007,clean,indented,6925.525799997558,140,25,calibration,0
4.233982857128265,5,HOCR-0007-rotation_3_degrees,0,5,,calibri.ttf,5,OCR0007,rotation_3_degrees,indented,3241.696299999603,140,25,calibration,0
3.2643842472447333,5,HOCR-0007-blur_low_contrast,0,5,,calibri.ttf,5,OCR0007,blur_low_contrast,indented,3498.312099996838,140,25,calibration,0
7.8117846114898795,10,HOCR-0008-clean,0,10,,georgia.ttf,10,OCR0008,clean,right_column,15448.633700001665,309,53,test,0
8.646582181922,10,HOCR-0008-rotation_3_degrees,0,10,,georgia.ttf,10,OCR0008,rotation_3_degrees,right_column,17513.195599996834,309,53,test,0
7.260686465777803,10,HOCR-0008-blur_low_contrast,0,10,,georgia.ttf,10,OCR0008,blur_low_contrast,right_column,19468.62570000303,309,53,test,0
1.402581733400699,2,HOCR-0009-clean,0,2,,georgia.ttf,2,OCR0009,clean,right_column,4281.983900000341,54,10,test,0
1.6835757781891205,2,HOCR-0009-rotation_3_degrees,0,2,,georgia.ttf,2,OCR0009,rotation_3_degrees,right_column,4156.293500000174,54,10,test,0
1.4988663184157698,2,HOCR-0009-blur_low_contrast,0,2,,georgia.ttf,2,OCR0009,blur_low_contrast,right_column,4509.727500000736,54,10,test,0
1.2779039688277045,2,HOCR-0010-clean,0,2,,arial.ttf,2,OCR0010,clean,flush_left,4882.362100001046,61,11,development,0
1.6756126295917624,2,HOCR-0010-rotation_3_degrees,0,2,,arial.ttf,2,OCR0010,rotation_3_degrees,flush_left,4654.9445999989985,61,11,development,0
1.2941011389350785,2,HOCR-0010-blur_low_contrast,0,2,,arial.ttf,2,OCR0010,blur_low_contrast,flush_left,5288.740299998608,61,11,development,0
3.3514857713081856,5,HOCR-0011-clean,0,5,,arial.ttf,5,OCR0011,clean,flush_left,11538.991900000838,174,27,development,0
4.183335057118002,5,HOCR-0011-rotation_3_degrees,0,5,,arial.ttf,5,OCR0011,rotation_3_degrees,flush_left,11407.819500000187,174,27,development,0
3.179451598982288,5,HOCR-0011-blur_low_contrast,0,5,,arial.ttf,5,OCR0011,blur_low_contrast,flush_left,10317.141600000468,174,27,development,0
1.3384721980742325,2,HOCR-0012-clean,0,2,,arial.ttf,2,OCR0012,clean,flush_left,5811.958099999174,79,11,development,0
1.7071834426139096,2,HOCR-0012-rotation_3_degrees,0,2,,arial.ttf,2,OCR0012,rotation_3_degrees,flush_left,5066.008000001602,79,11,development,0
1.364874068293247,2,HOCR-0012-blur_low_contrast,0,2,,arial.ttf,2,OCR0012,blur_low_contrast,flush_left,5301.107799998135,79,11,development,0
3.2809180587984548,5,HOCR-0013-clean,0,5,,arial.ttf,5,OCR0013,clean,flush_left,8263.521900000342,145,25,development,0
4.176278431430456,5,HOCR-0013-rotation_3_degrees,0,5,,arial.ttf,5,OCR0013,rotation_3_degrees,flush_left,7547.786999999516,145,25,development,0
3.256559947275026,5,HOCR-0013-blur_low_contrast,0,5,,arial.ttf,5,OCR0013,blur_low_contrast,flush_left,8190.196799998375,145,25,development,0
6.674374380549699,10,HOCR-0014-clean,0,10,,arial.ttf,10,OCR0014,clean,flush_left,20176.990699997987,336,54,development,0
8.631031044311156,10,HOCR-0014-rotation_3_degrees,0,10,,arial.ttf,10,OCR0014,rotation_3_degrees,flush_left,19209.88059999945,336,54,development,0
6.516998253901132,10,HOCR-0014-blur_low_contrast,0,10,,arial.ttf,10,OCR0014,blur_low_contrast,flush_left,18807.465400001092,336,54,development,0
1.3008679378249366,2,HOCR-0015-clean,0,2,,arial.ttf,2,OCR0015,clean,flush_left,4743.3124000017415,65,10,development,0
1.6761913919042892,2,HOCR-0015-rotation_3_degrees,0,2,,arial.ttf,2,OCR0015,rotation_3_degrees,flush_left,4763.493700000254,65,10,development,0
1.244803773561069,2,HOCR-0015-blur_low_contrast,0,2,,arial.ttf,2,OCR0015,blur_low_contrast,flush_left,4753.489599999739,65,10,development,0
3.4279780505800983,5,HOCR-0016-clean,0,5,,calibri.ttf,5,OCR0016,clean,indented,9020.999600001232,141,27,calibration,0
4.20961418954841,5,HOCR-0016-rotation_3_degrees,0,5,,calibri.ttf,5,OCR0016,rotation_3_degrees,indented,6211.869299997488,141,27,calibration,0
3.3807038712614945,5,HOCR-0016-blur_low_contrast,0,5,,calibri.ttf,5,OCR0016,blur_low_contrast,indented,6938.377799997397,141,27,calibration,0
7.136896025280968,10,HOCR-0017-clean,0,10,,calibri.ttf,10,OCR0017,clean,indented,20538.383999999496,291,50,calibration,0
8.66862485947787,10,HOCR-0017-rotation_3_degrees,0,10,,calibri.ttf,10,OCR0017,rotation_3_degrees,indented,7584.632800000691,291,50,calibration,0
6.849858440540771,10,HOCR-0017-blur_low_contrast,0,10,,calibri.ttf,10,OCR0017,blur_low_contrast,indented,7543.040399999882,291,50,calibration,0
1.434925204075904,2,HOCR-0018-clean,0,2,,georgia.ttf,2,OCR0018,clean,right_column,2070.205199997872,60,11,test,0
1.7297684457465317,2,HOCR-0018-rotation_3_degrees,0,2,,georgia.ttf,2,OCR0018,rotation_3_degrees,right_column,2134.3895999998495,60,11,test,0
1.4314103797098263,2,HOCR-0018-blur_low_contrast,0,2,,georgia.ttf,2,OCR0018,blur_low_contrast,right_column,3603.596299999481,60,11,test,0
3.875884020318814,5,HOCR-0019-clean,0,5,,georgia.ttf,5,OCR0019,clean,right_column,7125.537100000656,142,25,test,0
4.26219261915838,5,HOCR-0019-rotation_3_degrees,0,5,,georgia.ttf,5,OCR0019,rotation_3_degrees,right_column,6706.444499999634,142,25,test,0
3.590483279603568,5,HOCR-0019-blur_low_contrast,0,5,,georgia.ttf,5,OCR0019,blur_low_contrast,right_column,8487.303699999757,142,25,test,0
1.279823581570511,2,HOCR-0020-clean,0,2,,arial.ttf,2,OCR0020,clean,flush_left,4680.926699998963,57,10,development,0
1.6368391745411999,2,HOCR-0020-rotation_3_degrees,0,2,,arial.ttf,2,OCR0020,rotation_3_degrees,flush_left,4370.848999998998,57,10,development,0
1.282324600313881,2,HOCR-0020-blur_low_contrast,0,2,,arial.ttf,2,OCR0020,blur_low_contrast,flush_left,4510.497399998712,57,10,development,0
1.3112992226205682,2,HOCR-0021-clean,0,2,,arial.ttf,2,OCR0021,clean,flush_left,4346.74989999985,55,10,development,0
1.6747497333574906,2,HOCR-0021-rotation_3_degrees,0,2,,arial.ttf,2,OCR0021,rotation_3_degrees,flush_left,4739.443400001619,55,10,development,0
1.2943505381674874,2,HOCR-0021-blur_low_contrast,0,2,,arial.ttf,2,OCR0021,blur_low_contrast,flush_left,4433.850299999904,55,10,development,0
3.267079278274057,5,HOCR-0022-clean,0,5,,arial.ttf,5,OCR0022,clean,flush_left,7931.849000000511,139,25,development,0
4.203929075668704,5,HOCR-0022-rotation_3_degrees,0,5,,arial.ttf,5,OCR0022,rotation_3_degrees,flush_left,6853.126000001794,139,25,development,0
3.404338734559727,5,HOCR-0022-blur_low_contrast,0,5,,arial.ttf,5,OCR0022,blur_low_contrast,flush_left,5255.103299998154,139,25,development,0
6.859936250552942,10,HOCR-0023-clean,0,10,,arial.ttf,10,OCR0023,clean,flush_left,15736.129200002324,303,52,development,0
8.385407038043677,10,HOCR-0023-rotation_3_degrees,0,10,,arial.ttf,10,OCR0023,rotation_3_degrees,flush_left,9934.23299999995,303,52,development,0
6.408775930983882,10,HOCR-0023-blur_low_contrast,0,10,,arial.ttf,10,OCR0023,blur_low_contrast,flush_left,10018.221500002255,303,52,development,0
1.2467426994148765,2,HOCR-0024-clean,0,2,,arial.ttf,2,OCR0024,clean,flush_left,3076.0300000001735,54,10,development,0
1.6554184191391605,2,HOCR-0024-rotation_3_degrees,0,2,,arial.ttf,2,OCR0024,rotation_3_degrees,flush_left,2996.4046999994025,54,10,development,0
1.2458167978119405,2,HOCR-0024-blur_low_contrast,0,2,,arial.ttf,2,OCR0024,blur_low_contrast,flush_left,2075.132500001928,54,10,development,0
1.2731011705937227,2,HOCR-0025-clean,0,2,,arial.ttf,2,OCR0025,clean,flush_left,1979.4499999989057,55,10,development,0
1.666224222911271,2,HOCR-0025-rotation_3_degrees,0,2,,arial.ttf,2,OCR0025,rotation_3_degrees,flush_left,3328.5065999989456,55,10,development,0
1.2458909387810306,2,HOCR-0025-blur_low_contrast,0,2,,arial.ttf,2,OCR0025,blur_low_contrast,flush_left,2183.230899998307,55,10,development,0
3.513727009823109,5,HOCR-0026-clean,0,5,,calibri.ttf,5,OCR0026,clean,indented,3693.570000003092,142,25,calibration,0
4.2385835206913836,5,HOCR-0026-rotation_3_degrees,0,5,,calibri.ttf,5,OCR0026,rotation_3_degrees,indented,3602.538799998001,142,25,calibration,0
3.3257440827960245,5,HOCR-0026-blur_low_contrast,0,5,,calibri.ttf,5,OCR0026,blur_low_contrast,indented,3299.944599999435,142,25,calibration,0
1.3548628613741036,2,HOCR-0027-clean,0,2,,calibri.ttf,2,OCR0027,clean,indented,1789.3755000004603,51,10,calibration,0
1.6389072743343296,2,HOCR-0027-rotation_3_degrees,0,2,,calibri.ttf,2,OCR0027,rotation_3_degrees,indented,1790.34220000176,51,10,calibration,0
1.343890173721967,2,HOCR-0027-blur_low_contrast,0,2,,calibri.ttf,2,OCR0027,blur_low_contrast,indented,2138.883399999031,51,10,calibration,0
3.853864143845598,5,HOCR-0028-clean,0,5,,georgia.ttf,5,OCR0028,clean,right_column,4792.443300000741,156,26,test,0
4.236399320187989,5,HOCR-0028-rotation_3_degrees,0,5,,georgia.ttf,5,OCR0028,rotation_3_degrees,right_column,4691.71180000194,156,26,test,0
3.628027893118549,5,HOCR-0028-blur_low_contrast,0,5,,georgia.ttf,5,OCR0028,blur_low_contrast,right_column,5092.973800001346,156,26,test,0
7.763995291967974,10,HOCR-0029-clean,0,10,,georgia.ttf,10,OCR0029,clean,right_column,8402.25510000164,327,55,test,0
8.62904823878005,10,HOCR-0029-rotation_3_degrees,0,10,,georgia.ttf,10,OCR0029,rotation_3_degrees,right_column,8460.466199998336,327,55,test,0
7.050699150347054,10,HOCR-0029-blur_low_contrast,0,10,,georgia.ttf,10,OCR0029,blur_low_contrast,right_column,7978.224999998929,327,55,test,0
1.300643158987795,2,HOCR-0030-clean,0,2,,arial.ttf,2,OCR0030,clean,flush_left,1734.3585000016901,61,11,development,0
1.627310777303217,2,HOCR-0030-rotation_3_degrees,0,2,,arial.ttf,2,OCR0030,rotation_3_degrees,flush_left,1658.755000000383,61,11,development,0
1.2957038117844293,2,HOCR-0030-blur_low_contrast,0,2,,arial.ttf,2,OCR0030,blur_low_contrast,flush_left,1882.2777000023052,61,11,development,0
3.222361446745655,5,HOCR-0031-clean,0,5,,arial.ttf,5,OCR0031,clean,flush_left,3570.247499999823,140,25,development,0
4.237861207071768,5,HOCR-0031-rotation_3_degrees,0,5,,arial.ttf,5,OCR0031,rotation_3_degrees,flush_left,3193.8843999996607,140,25,development,0
3.2994546661216138,5,HOCR-0031-blur_low_contrast,0,5,,arial.ttf,5,OCR0031,blur_low_contrast,flush_left,4320.8154999992985,140,25,development,0
6.71224188257905,10,HOCR-0032-clean,0,10,,arial.ttf,10,OCR0032,clean,flush_left,6915.505900000426,293,51,development,0
8.40129579999611,10,HOCR-0032-rotation_3_degrees,0,10,,arial.ttf,10,OCR0032,rotation_3_degrees,flush_left,7318.73700000142,293,51,development,0
6.477366055772783,10,HOCR-0032-blur_low_contrast,0,10,,arial.ttf,10,OCR0032,blur_low_contrast,flush_left,8492.627299998276,293,51,development,0
1.3186548447827642,2,HOCR-0033-clean,0,2,,arial.ttf,2,OCR0033,clean,flush_left,3253.6498999979813,73,12,development,0
1.6512172812796262,2,HOCR-0033-rotation_3_degrees,0,2,,arial.ttf,2,OCR0033,rotation_3_degrees,flush_left,2430.9799000002386,73,12,development,0
1.3488040861522643,2,HOCR-0033-blur_low_contrast,0,2,,arial.ttf,2,OCR0033,blur_low_contrast,flush_left,2014.2966999992495,73,12,development,0
3.2412942278166197,5,HOCR-0034-clean,0,5,,arial.ttf,5,OCR0034,clean,flush_left,5533.250000000407,156,27,development,0
4.256956853225463,5,HOCR-0034-rotation_3_degrees,0,5,,arial.ttf,5,OCR0034,rotation_3_degrees,flush_left,5267.274499998166,156,27,development,0
3.3800149069435577,5,HOCR-0034-blur_low_contrast,0,5,,arial.ttf,5,OCR0034,blur_low_contrast,flush_left,4152.264100001048,156,27,development,0
1.3110294321031044,2,HOCR-0035-clean,0,2,,arial.ttf,2,OCR0035,clean,flush_left,2488.0015999988245,56,10,development,0
1.6143393025456008,2,HOCR-0035-rotation_3_degrees,0,2,,arial.ttf,2,OCR0035,rotation_3_degrees,flush_left,2599.9076000007335,56,10,development,0
1.2788674258343649,2,HOCR-0035-blur_low_contrast,0,2,,arial.ttf,2,OCR0035,blur_low_contrast,flush_left,2945.267500002956,56,10,development,0
1.4014295361462161,2,HOCR-0036-clean,0,2,,calibri.ttf,2,OCR0036,clean,indented,2583.1508000010217,63,11,calibration,0
1.6254398892585427,2,HOCR-0036-rotation_3_degrees,0,2,,calibri.ttf,2,OCR0036,rotation_3_degrees,indented,1705.2825999999186,63,11,calibration,0
1.4026320516725634,2,HOCR-0036-blur_low_contrast,0,2,,calibri.ttf,2,OCR0036,blur_low_contrast,indented,2003.0664000005345,63,11,calibration,0
3.634664542015904,5,HOCR-0037-clean,0,5,,calibri.ttf,5,OCR0037,clean,indented,5902.161999998498,170,27,calibration,0
4.292370240741275,5,HOCR-0037-rotation_3_degrees,0,5,,calibri.ttf,5,OCR0037,rotation_3_degrees,indented,4440.712100000383,170,27,calibration,0
3.3544181881998014,5,HOCR-0037-blur_low_contrast,0,5,,calibri.ttf,5,OCR0037,blur_low_contrast,indented,5259.260499999073,170,27,calibration,0
7.64726605491815,10,HOCR-0038-clean,0,10,,georgia.ttf,10,OCR0038,clean,right_column,8676.876300000004,293,51,test,0
8.559643878179106,10,HOCR-0038-rotation_3_degrees,0,10,,georgia.ttf,10,OCR0038,rotation_3_degrees,right_column,8875.298399998428,293,51,test,0
7.449841333601952,10,HOCR-0038-blur_low_contrast,0,10,,georgia.ttf,10,OCR0038,blur_low_contrast,right_column,7539.2052000024705,293,51,test,0
1.4344354665924075,2,HOCR-0039-clean,0,2,,georgia.ttf,2,OCR0039,clean,right_column,2706.085099998745,59,10,test,0
1.730063147579556,2,HOCR-0039-rotation_3_degrees,0,2,,georgia.ttf,2,OCR0039,rotation_3_degrees,right_column,2702.8370999978506,59,10,test,0
1.454586702879418,2,HOCR-0039-blur_low_contrast,0,2,,georgia.ttf,2,OCR0039,blur_low_contrast,right_column,2085.096599999815,59,10,test,0
